appName,coreF,memF,argNo,time/us,power/W,GFLOPS,GFLOPS/W
conv-fft,1000,2100,input00,81650.0,88.892300000000006,355.0646570483772,3.9943241096065374
conv-fft,1000,2500,input00,72072.0,94.234750000000005,402.25093306693304,4.2686050853526218
conv-fft,1000,3000,input00,65332.0,99.952149999999989,443.74929969999386,4.439617353903782
conv-fft,1000,3500,input00,62171.0,103.53920000000001,466.3111297550305,4.5037157883683712
conv-fft,1000,3800,input00,60954.0,105.73119999999999,475.6214399055025,4.4984019845183116
conv-fft,1126,2100,input00,79206.0,93.83142500000001,366.0206202560412,3.9008319468242236
conv-fft,1126,2500,input00,69981.0,99.660999999999987,414.2700054014661,4.1567915774622586
conv-fft,1126,3000,input00,63304.0,105.61937499999999,457.9652035890307,4.3359961521172679
conv-fft,1126,3500,input00,59914.0,110.32397499999999,483.8773783756718,4.38596758660728
conv-fft,1126,3800,input00,58312.0,112.28779999999999,497.17089532171764,4.4276483760632734
conv-fft,1300,2100,input00,77147.0,119.29605000000001,375.78945711434017,3.150057836066996
conv-fft,1300,2500,input00,67995.0,127.81077500000001,426.3700161482462,3.3359473498869416
conv-fft,1300,3000,input00,61495.0,135.27132499999999,471.43717778681196,3.4851227914475738
conv-fft,1300,3500,input00,57948.0,141.1891,500.2938711948644,3.5434312648417223
conv-fft,1300,3800,input00,56295.0,144.73255,514.9840882494004,3.5581773985838043
conv-fft,600,2100,input00,96449.0,79.965999999999994,300.5840314363031,3.7588979245717322
conv-fft,600,2500,input00,92144.0,82.817599999999999,314.6274228164612,3.799040576114995
conv-fft,600,3000,input00,92144.0,85.113875000000007,314.6274228164612,3.6965468064573628
conv-fft,600,3500,input00,92622.0,87.545775000000006,313.00370590140574,3.5753148098969452
conv-fft,600,3800,input00,92643.0,89.099875000000011,312.9327552864221,3.512157062918686
conv-fft,800,2100,input00,87141.0,84.796850000000006,332.69103232691845,3.9233890448397366
conv-fft,800,2500,input00,77178.0,90.018475000000009,375.63851418798106,4.1729046641590077
conv-fft,800,3000,input00,71541.0,94.241324999999989,405.2365671153604,4.2999880054250132
conv-fft,800,3500,input00,70917.0,96.834050000000005,408.802251195059,4.2216787503472073
conv-fft,800,3800,input00,70959.0,98.225674999999995,408.56028478417113,4.1594041963485733
conv-sgemm,1000,2100,input00,56732.0,123.04034999999999,511.01722569273073,4.1532491226880515
conv-sgemm,1000,2500,input00,52083.0,130.62627500000002,556.6313240020736,4.261250839481364
conv-sgemm,1000,3000,input00,49160.0,138.33260000000001,589.7280156224573,4.2631166884917748
conv-sgemm,1000,3500,input00,47444.0,141.558975,611.0578629120647,4.3166310218908031
conv-sgemm,1000,3800,input00,46498.0,145.2518,623.4898113467245,4.2924756274739764
conv-sgemm,1126,2100,input00,57574.0,128.00965000000002,503.543774064682,3.9336391753643722
conv-sgemm,1126,2500,input00,52686.0,136.2636,550.2605862658012,4.0382067277380109
conv-sgemm,1126,3000,input00,49680.0,143.56525000000002,583.5553391304347,4.0647394765128375
conv-sgemm,1126,3500,input00,48276.0,147.16839999999999,600.5267472035794,4.0805413879853241
conv-sgemm,1126,3800,input00,47018.0,151.008025,616.5942670466629,4.083188738126089
conv-sgemm,1300,2100,input00,56867.0,167.52884999999998,509.8040910897357,3.0430823770934725
conv-sgemm,1300,2500,input00,53008.0,176.68497500000001,546.9179981889527,3.0954414668760184
conv-sgemm,1300,3000,input00,49514.0,186.53620000000001,585.5117592600072,3.1388639806107728
conv-sgemm,1300,3500,input00,47985.0,190.705275,604.1685786808378,3.1680748142957125
conv-sgemm,1300,3800,input00,47195.0,192.67959999999999,614.2817935798283,3.1880997966563576
conv-sgemm,600,2100,input00,68613.0,108.59100000000001,422.52968457872413,3.8910193715752142
conv-sgemm,600,2500,input00,66060.0,112.29815000000001,438.8590561307902,3.9079811744965536
conv-sgemm,600,3000,input00,66092.0,114.65762499999998,438.6465721721237,3.825707816397939
conv-sgemm,600,3500,input00,67007.0,116.55057500000001,432.65672613309056,3.7121801083614603
conv-sgemm,600,3800,input00,67038.0,117.98209999999999,432.45665515081,3.6654429371134265
conv-sgemm,800,2100,input00,58156.0,119.50954999999999,498.5045265836715,4.1712526453632499
conv-sgemm,800,2500,input00,54277.0,125.845675,534.1310177054738,4.2443335275961918
conv-sgemm,800,3000,input00,51448.0,132.03902499999998,563.5015792256258,4.2676896411922609
conv-sgemm,800,3500,input00,51261.0,134.710925,565.5572315795634,4.1983026364013423
conv-sgemm,800,3800,input00,51282.0,136.37902500000001,565.3256356616357,4.1452535363237537
conv-winograd,1000,2100,input00,12246.0,140.51872499999999,2367.387657030867,16.84748888114995
conv-winograd,1000,2500,input00,10592.0,153.1284,2737.0684712990937,17.874335990574536
conv-winograd,1000,3000,input00,9859.0,161.03875000000002,2940.5648897454103,18.259983325413355
conv-winograd,1000,3500,input00,9812.0,163.979175,2954.650351406441,18.018448692685769
conv-winograd,1000,3800,input00,9874.0,167.89272500000001,2936.097756532307,17.487939138115166
conv-winograd,1126,2100,input00,9609.0,162.16325000000001,3017.0703765220105,18.605142512388042
conv-winograd,1126,2500,input00,10670.0,162.3716,2717.059910777882,16.733590792834967
conv-winograd,1126,3000,input00,9266.0,169.87685000000002,3128.753426289661,18.417773971495592
conv-winograd,1126,3500,input00,9640.0,174.12954999999999,3007.368179253112,17.27086631334608
conv-winograd,1126,3800,input00,8985.0,174.77500000000001,3226.603143906511,18.461468424583096
conv-winograd,1300,2100,input00,10171.0,189.976,2850.3617390620393,15.003799106529453
conv-winograd,1300,2500,input00,9110.0,185.78937500000001,3182.330323600439,17.128699225132969
conv-winograd,1300,3000,input00,8970.0,184.12245000000001,3231.9988013377924,17.553529193956479
conv-winograd,1300,3500,input00,9001.0,182.98939999999999,3220.867597822464,17.601388921011075
conv-winograd,1300,3800,input00,8845.0,183.41819999999998,3277.6743072922554,17.869951331395988
conv-winograd,600,2100,input00,15903.0,117.96979999999999,1822.9912122241087,15.453032998480195
conv-winograd,600,2500,input00,15756.0,121.48777499999998,1839.9993175932977,15.145551209521271
conv-winograd,600,3000,input00,15444.0,123.1532,1877.171020979021,15.242567963958882
conv-winograd,600,3500,input00,16348.0,123.71177499999999,1773.3685617812575,14.334678827308538
conv-winograd,600,3800,input00,15912.0,125.32035,1821.9601085972852,14.53842180138569
conv-winograd,800,2100,input00,13993.0,129.44762499999999,2071.8237152862143,16.005111837982462
conv-winograd,800,2500,input00,12214.0,139.55799999999999,2373.590080890781,17.007911269083685
conv-winograd,800,3000,input00,11700.0,145.18882500000001,2477.8657476923077,17.066504585957684
conv-winograd,800,3500,input00,12230.0,146.28267499999998,2370.4848117743254,16.204822695335082
conv-winograd,800,3800,input00,12214.0,147.77747500000001,2373.590080890781,16.061920674248771
